"date","total_already_submitted_application","total_status_of_ticket_application","total_connection_with_agent","total_how_to_check_the_status","total_return_to_main_menu","total_how_to_complete_or_submit_an_application","total_ticket_application_process","total_online_process","total_household_restrictions","total_other_information_for_the_process","total_the_personal_details","total_types_of_accessibility_tickets","total_household_restrictions_2","total_return_to_main_menu_2","total_information_about_ticket_sales","total_ticket_products","total_sales_phases","total_ticket_categories","total_ticket_prices","total_confirmed_tickets","total_return_to_main_menu_3","total_payment_methods","total_payment_methods_2","total_return_to_main_menu_4","total_any_other_enquires","total_cancellation_and_resale","total_household_restrictions_3","total_matches","total_legal_documents","total_connection_with_agent_2","total_fan_id","total_health_and_safety_measures","total_return_to_main_menu_5"
"2023-01-01","107","34","17","17","39","26","4","2","4","3","4","3","6","0","11","2","1","2","3","2","1","8","3","5","80","15","13","17","9","8","4","10","4"
"2023-01-02","107","9","10","45","43","29","3","3","4","5","5","2","3","4","11","2","1","3","0","2","3","4","3","1","75","9","13","8","13","10","10","6","6"
"2023-01-03","123","49","39","10","25","28","2","2","3","5","4","5","3","4","21","4","3","5","2","3","4","7","4","3","67","12","3","5","5","13","5","9","15"
"2023-01-04","155","12","49","44","50","29","3","4","5","3","2","5","3","4","20","3","4","1","5","4","3","10","5","5","94","15","15","12","14","6","7","16","9"
"2023-01-05","93","28","23","12","30","27","5","3","3","2","5","0","3","6","18","2","2","4","5","3","2","5","1","4","83","10","14","4","13","6","11","9","16"
"2023-01-06","150","18","33","54","45","30","5","2","2","3","4","7","2","5","12","2","1","2","4","1","2","4","3","1","60","2","2","6","14","13","4","7","12"
"2023-01-07","136","8","44","44","40","30","5","4","4","3","2","7","3","2","12","2","1","1","3","2","3","4","1","3","70","10","14","3","5","13","13","6","6"
"2023-01-08","82","14","19","28","21","25","3","2","1","2","5","2","5","5","10","1","0","2","3","1","3","7","3","4","77","6","14","11","12","9","2","10","13"
"2023-01-09","95","8","51","23","13","29","4","3","4","4","3","4","5","2","10","4","1","2","0","2","1","5","5","0","79","2","15","11","14","5","12","8","12"
"2023-01-10","158","47","53","32","26","24","3","4","3","2","2","2","3","5","14","2","3","1","3","4","1","8","5","3","61","4","8","2","11","12","7","9","8"
"2023-01-11","163","38","28","46","51","28","1","4","4","3","6","4","4","2","13","3","1","1","5","2","1","8","5","3","67","5","7","12","9","3","8","5","18"
"2023-01-12","140","45","29","31","35","24","1","3","3","6","1","4","1","5","13","2","2","5","3","0","1","7","4","3","92","15","14","11","7","11","12","11","11"
"2023-01-13","95","27","22","40","6","27","2","3","2","6","4","2","4","4","13","1","0","4","3","4","1","4","2","2","80","8","13","7","16","8","13","11","4"
"2023-01-14","130","44","17","42","27","24","6","3","2","2","3","1","1","6","17","5","4","3","4","0","1","9","5","4","67","9","6","9","5","15","8","6","9"
"2023-01-15","136","45","22","19","50","29","1","3","3","4","3","5","7","3","20","5","0","3","3","4","5","8","4","4","73","12","9","3","6","9","14","6","14"
"2023-01-16","126","31","28","25","42","22","5","4","2","2","2","1","3","3","16","1","3","5","2","4","1","11","5","6","71","6","12","8","5","17","6","9","8"
"2023-01-17","111","13","12","54","32","25","2","6","3","2","4","2","4","2","12","3","0","4","2","1","2","9","3","6","85","15","14","6","9","13","6","10","12"
"2023-01-18","159","49","27","44","39","31","5","2","3","5","6","5","4","1","13","3","2","4","2","0","2","7","2","5","81","4","12","12","6","12","14","8","13"
"2023-01-19","74","6","34","15","19","36","4","6","6","2","6","4","4","4","21","4","3","4","3","3","4","4","2","2","78","14","7","10","11","9","10","7","10"
"2023-01-20","102","18","44","15","25","30","5","5","3","2","3","5","4","3","19","5","5","4","2","1","2","8","5","3","56","4","8","9","5","3","14","5","8"
"2023-01-21","126","18","47","24","37","27","2","6","2","3","4","2","4","4","16","4","4","1","1","4","2","5","3","2","74","6","12","5","9","4","9","13","16"
"2023-01-22","141","50","20","47","24","31","4","4","5","3","4","5","4","2","12","2","3","1","1","1","4","14","7","7","62","14","3","8","7","4","3","10","13"
"2023-01-23","64","14","21","6","23","20","2","1","5","4","2","3","2","1","8","0","0","2","1","2","3","10","5","5","75","13","10","7","4","11","11","13","6"
"2023-01-24","98","40","14","25","19","29","5","5","1","4","4","4","2","4","16","1","2","4","5","0","4","8","5","3","70","13","9","3","10","13","4","2","16"
"2023-01-25","138","30","55","17","36","34","6","5","2","6","3","6","2","4","22","0","3","5","4","5","5","6","2","4","58","5","11","3","11","5","9","6","8"
"2023-01-26","154","38","16","56","44","25","4","4","2","3","4","3","2","3","14","0","4","4","3","0","3","9","2","7","99","14","12","6","15","9","15","15","13"
"2023-01-27","54","12","10","7","25","24","3","4","2","3","2","3","2","5","10","2","2","3","0","3","0","9","5","4","59","9","8","12","8","3","2","10","7"
"2023-01-28","64","8","36","9","11","26","5","3","4","3","3","4","3","1","21","4","0","3","4","5","5","5","2","3","94","10","12","16","14","7","13","9","13"
"2023-01-29","122","25","34","41","22","30","2","4","5","3","4","2","6","4","15","5","0","4","1","5","0","6","3","3","81","15","4","10","11","8","12","12","9"
"2023-01-30","136","28","37","35","36","27","7","2","2","4","1","2","7","2","15","4","3","1","3","1","3","3","2","1","74","9","2","12","17","11","5","12","6"
"2023-01-31","142","51","30","10","51","27","4","2","5","3","4","2","2","5","21","5","5","4","2","3","2","7","4","3","69","17","3","7","15","5","3","10","9"
"2023-02-01","120","33","11","47","29","29","3","4","3","3","4","5","4","3","14","0","1","4","1","3","5","9","3","6","77","13","11","5","17","8","4","13","6"
"2023-02-02","121","38","8","34","41","26","3","4","4","2","4","3","3","3","17","2","1","4","4","4","2","10","6","4","81","12","0","15","14","9","13","12","6"
"2023-02-03","158","31","48","31","48","30","3","4","5","3","4","6","2","3","14","2","2","4","1","2","3","8","3","5","79","13","12","7","12","7","12","6","10"
"2023-02-04","100","14","9","30","47","25","4","5","4","0","4","3","2","3","14","3","0","3","0","5","3","6","3","3","66","7","15","5","15","4","1","3","16"
"2023-02-05","85","9","38","14","24","22","1","6","3","1","1","5","3","2","14","2","0","1","3","4","4","8","4","4","94","18","4","11","4","14","16","13","14"
"2023-02-06","116","15","8","49","44","29","1","5","4","4","4","4","2","5","18","5","4","2","4","1","2","9","5","4","68","4","4","7","16","12","10","11","4"
"2023-02-07","122","24","32","27","39","24","3","3","2","4","5","3","4","0","16","1","1","3","3","5","3","5","1","4","98","5","14","16","17","12","13","14","7"
"2023-02-08","74","8","22","32","12","29","3","3","6","5","3","2","2","5","14","4","0","0","2","4","4","7","2","5","70","2","12","6","14","7","13","13","3"
"2023-02-09","113","47","40","6","20","35","5","5","3","4","4","6","4","4","14","3","2","4","4","0","1","10","6","4","67","4","11","5","5","13","14","2","13"
"2023-02-10","120","46","19","40","15","35","6","3","4","5","6","4","5","2","17","0","5","1","2","4","5","7","3","4","74","2","4","1","16","17","14","9","11"
"2023-02-11","126","39","33","13","41","28","3","3","3","4","4","4","2","5","15","3","1","5","1","1","4","4","2","2","98","13","6","14","16","13","10","13","13"
"2023-02-12","122","38","12","22","50","31","3","4","3","4","4","3","4","6","18","2","3","4","3","1","5","5","2","3","72","6","11","6","5","10","12","14","8"
"2023-02-13","106","13","34","36","23","21","4","1","6","5","0","2","2","1","9","1","2","2","1","1","2","5","4","1","58","4","14","6","3","8","10","5","8"
"2023-02-14","159","45","20","45","49","33","5","4","3","6","5","3","5","2","11","0","4","1","2","2","2","7","5","2","77","10","6","8","16","13","10","8","6"
"2023-02-15","62","23","21","13","5","27","4","4","4","3","2","1","4","5","17","3","1","3","5","0","5","7","3","4","80","13","5","14","13","6","11","8","10"
"2023-02-16","93","19","35","33","6","27","3","3","1","4","4","4","4","4","16","1","1","3","4","2","5","6","2","4","80","14","13","10","6","10","7","16","4"
"2023-02-17","64","6","9","36","13","32","6","5","3","5","3","2","4","4","14","1","4","1","2","4","2","9","4","5","81","9","7","11","14","4","10","15","11"
"2023-02-18","107","40","14","33","20","30","4","6","4","2","4","3","3","4","18","3","5","1","3","2","4","8","2","6","75","5","15","7","8","11","11","13","5"
"2023-02-19","95","23","46","19","7","25","4","2","4","1","4","3","2","5","13","0","3","2","1","3","4","8","4","4","71","7","15","8","11","9","7","11","3"
"2023-02-20","110","49","18","20","23","32","6","6","5","4","3","4","4","0","17","3","4","5","0","3","2","7","3","4","80","13","10","10","11","2","14","12","8"
"2023-02-21","118","50","16","16","36","31","3","3","2","2","6","5","4","6","14","0","4","5","1","2","2","7","4","3","73","10","13","5","5","10","15","6","9"
"2023-02-22","76","15","2","47","12","35","4","7","2","5","4","4","3","6","18","4","5","0","4","1","4","7","4","3","87","6","11","9","12","12","13","7","17"
"2023-02-23","120","32","16","38","34","30","3","4","3","4","2","6","4","4","16","2","4","2","4","1","3","6","3","3","53","9","4","6","9","9","1","5","10"
"2023-02-24","113","15","23","30","45","31","4","5","5","4","6","3","1","3","18","3","5","2","3","4","1","5","4","1","79","3","6","11","13","13","12","13","8"
"2023-02-25","127","41","31","15","40","24","2","6","2","0","5","4","3","2","17","4","4","3","2","3","1","8","6","2","70","12","10","1","8","10","15","4","10"
"2023-02-26","127","3","52","28","44","25","1","5","2","4","3","5","2","3","12","4","1","4","2","0","1","4","2","2","75","6","11","4","5","17","10","14","8"
"2023-02-27","123","45","44","12","22","25","1","4","5","1","6","6","1","1","13","2","0","2","5","4","0","6","3","3","71","9","9","10","6","10","11","6","10"
"2023-02-28","122","16","11","47","48","30","4","5","5","2","2","3","4","5","15","2","4","1","3","2","3","6","3","3","94","15","12","15","10","14","5","9","14"
"2023-03-01","125","49","23","4","49","25","4","4","3","3","2","0","5","4","18","4","3","1","1","5","4","5","2","3","80","11","16","14","1","10","8","3","17"
"2023-03-02","127","11","25","47","44","27","5","2","4","3","3","2","4","4","12","4","0","3","1","4","0","7","5","2","64","10","6","10","6","4","10","5","13"
"2023-03-03","118","41","18","42","17","32","4","3","4","3","3","6","4","5","9","2","0","2","2","1","2","3","0","3","83","8","13","12","9","11","8","10","12"
"2023-03-04","105","17","52","18","18","31","3","3","2","5","5","4","5","4","16","4","3","0","3","1","5","5","4","1","65","14","2","12","11","9","4","4","9"
"2023-03-05","119","18","51","29","21","30","2","4","3","4","5","5","3","4","9","1","4","2","1","1","0","4","3","1","78","8","7","17","7","11","13","4","11"
"2023-03-06","166","46","55","47","18","26","4","3","3","1","3","5","2","5","16","2","3","2","5","3","1","9","5","4","66","15","3","5","9","12","4","10","8"
"2023-03-07","153","33","35","55","30","26","3","1","4","5","4","3","3","3","20","4","3","3","5","3","2","7","5","2","73","9","13","5","6","7","15","8","10"
"2023-03-08","92","26","14","6","46","24","2","2","2","3","3","4","3","5","18","3","2","2","1","5","5","11","5","6","75","12","10","17","4","3","3","11","15"
"2023-03-09","113","21","39","41","12","32","4","5","4","5","3","3","5","3","11","1","2","0","3","3","2","10","5","5","74","17","5","9","12","5","4","12","10"
"2023-03-10","113","28","15","16","54","31","3","2","3","7","3","2","6","5","12","1","1","1","4","1","4","9","5","4","67","12","5","7","12","5","4","12","10"
"2023-03-11","141","45","27","23","46","24","5","2","4","4","4","2","1","2","12","3","1","3","2","3","0","7","4","3","75","3","15","13","16","6","10","5","7"
"2023-03-12","139","44","42","51","2","32","2","5","3","2","3","5","6","6","15","3","2","3","1","2","4","10","5","5","78","7","15","7","8","9","8","10","14"
"2023-03-13","93","37","30","12","14","27","3","2","5","2","2","5","4","4","16","0","3","5","2","4","2","7","4","3","87","10","12","5","17","12","14","10","7"
"2023-03-14","87","12","38","12","25","22","4","1","5","3","1","2","4","2","16","5","5","0","2","2","2","11","6","5","61","8","7","13","5","3","12","11","2"
"2023-03-15","88","18","37","22","11","24","5","3","5","3","3","1","1","3","14","5","3","1","1","2","2","4","2","2","79","7","14","17","14","6","8","9","4"
"2023-03-16","94","32","10","12","40","27","3","2","3","2","4","6","4","3","15","3","1","2","4","1","4","9","6","3","78","0","14","12","14","12","15","4","7"
"2023-03-17","136","36","21","44","35","25","4","1","5","4","1","3","3","4","19","3","5","0","4","4","3","7","4","3","65","12","13","4","2","10","11","9","4"
"2023-03-18","130","21","44","48","17","34","4","5","4","5","3","6","4","3","22","4","4","5","2","2","5","5","3","2","87","14","9","16","10","4","13","10","11"
"2023-03-19","107","25","45","13","24","25","2","2","2","2","4","5","3","5","10","1","1","1","4","2","1","7","2","5","67","12","2","5","11","15","2","8","12"
"2023-03-20","140","46","31","45","18","29","4","3","3","6","5","3","3","2","15","3","3","1","3","4","1","7","4","3","83","4","10","17","11","6","14","8","13"
"2023-03-21","114","11","21","55","27","29","1","5","4","5","4","3","4","3","20","4","4","3","4","4","1","6","3","3","101","15","13","16","16","14","3","14","10"
"2023-03-22","73","7","20","30","16","31","4","2","6","5","4","4","3","3","14","1","2","1","4","3","3","9","5","4","87","15","11","11","7","12","7","13","11"
"2023-03-23","45","2","8","9","26","26","4","3","3","2","4","3","4","3","12","2","0","2","2","2","4","6","4","2","69","5","15","8","6","10","6","13","6"
"2023-03-24","111","18","54","24","15","32","3","6","5","5","3","4","5","1","9","2","3","3","0","1","0","6","3","3","68","5","14","5","11","10","13","7","3"
"2023-03-25","84","19","42","8","15","22","4","4","1","2","3","1","2","5","14","2","4","1","2","0","5","6","3","3","89","11","14","16","7","8","9","12","12"
"2023-03-26","88","13","38","22","15","32","5","6","1","3","5","5","3","4","15","5","4","3","1","0","2","5","3","2","67","13","4","14","11","5","9","8","3"
"2023-03-27","73","5","12","47","9","22","2","3","3","3","5","3","2","1","18","4","5","4","0","3","2","4","2","2","99","18","12","15","12","13","10","5","14"
"2023-03-28","75","41","11","18","5","28","6","3","3","2","2","3","6","3","13","4","0","2","2","2","3","8","5","3","87","7","10","14","14","15","11","12","4"
"2023-03-29","141","40","21","37","43","28","4","6","4","2","3","3","4","2","15","3","2","4","4","2","0","7","1","6","71","10","13","5","5","9","7","10","12"
"2023-03-30","173","45","33","54","41","32","3","5","6","5","3","3","4","3","17","2","4","3","2","5","1","9","5","4","66","11","13","13","9","3","5","5","7"
"2023-03-31","171","36","41","48","46","25","5","2","4","1","4","4","1","4","13","4","0","2","4","0","3","6","3","3","75","12","4","8","6","4","12","15","14"
"2023-04-01","83","18","8","16","41","29","5","7","5","2","3","4","3","0","18","1","3","2","5","5","2","5","3","2","64","14","9","10","2","8","12","4","5"
"2023-04-02","90","34","33","13","10","26","1","3","4","1","5","3","4","5","18","3","3","4","2","3","3","3","1","2","80","15","8","7","9","11","8","13","9"
"2023-04-03","109","47","13","15","34","23","3","1","4","3","4","2","4","2","17","4","4","4","1","0","4","9","5","4","58","5","14","6","5","7","7","7","7"
"2023-04-04","123","31","17","34","41","29","4","5","3","4","3","3","3","4","19","1","1","4","5","4","4","9","6","3","74","7","16","5","5","13","15","10","3"
"2023-04-05","113","49","7","18","39","27","2","2","4","2","3","4","5","5","18","4","2","1","4","3","4","9","4","5","72","5","8","9","12","9","9","6","14"
"2023-04-06","149","33","42","27","47","31","4","4","4","2","3","3","5","6","15","4","1","3","3","1","3","12","7","5","71","14","4","10","7","8","11","12","5"
"2023-04-07","90","19","18","17","36","26","2","5","5","2","3","2","4","3","15","4","2","5","3","0","1","10","5","5","72","9","7","6","15","16","6","10","3"
"2023-04-08","155","34","21","49","51","30","4","4","3","3","4","6","4","2","16","0","5","4","5","1","1","2","1","1","92","13","11","15","5","9","12","16","11"
"2023-04-09","128","16","51","44","17","32","5","5","4","4","3","4","1","6","18","3","2","3","4","2","4","9","4","5","48","7","2","7","4","11","7","6","4"
"2023-04-10","156","46","26","38","46","31","5","4","2","4","4","3","6","3","17","4","4","0","3","2","4","9","6","3","63","9","2","10","5","4","15","5","13"
"2023-04-11","166","43","50","50","23","29","5","4","3","4","0","6","4","3","14","4","3","1","5","0","1","5","1","4","57","8","10","4","9","4","5","7","10"
"2023-04-12","149","13","47","48","41","29","4","5","3","3","2","6","3","3","19","4","1","3","4","2","5","10","4","6","73","13","6","14","5","6","12","4","13"
"2023-04-13","74","13","19","31","11","30","7","1","3","3","5","3","4","4","19","1","3","3","4","4","4","8","5","3","97","9","11","15","13","10","13","13","13"
"2023-04-14","89","24","16","37","12","28","1","3","5","4","3","2","5","5","13","4","0","2","0","3","4","5","3","2","66","6","13","8","12","3","6","10","8"
"2023-04-15","109","26","44","7","32","30","6","3","2","2","5","4","3","5","15","1","0","2","4","5","3","6","5","1","59","13","9","9","12","3","2","5","6"
"2023-04-16","146","28","38","51","29","29","5","3","5","3","3","2","4","4","17","2","4","4","3","2","2","5","2","3","72","16","6","8","4","6","4","11","17"
"2023-04-17","118","22","22","28","46","25","2","3","4","3","2","4","4","3","13","2","2","4","3","1","1","9","3","6","80","8","8","15","4","14","8","8","15"
"2023-04-18","154","48","31","43","32","24","3","3","4","4","4","4","0","2","12","4","4","2","1","1","0","8","4","4","72","6","4","8","10","13","12","10","9"
"2023-04-19","136","43","11","30","52","28","3","5","4","5","2","4","1","4","17","2","2","2","4","4","3","10","5","5","46","4","8","6","3","5","2","12","6"
"2023-04-20","122","20","43","25","34","29","4","4","2","5","3","2","3","6","20","4","2","4","2","3","5","6","3","3","77","13","4","12","11","4","14","5","14"
"2023-04-21","135","34","17","41","43","32","3","5","6","1","3","6","3","5","12","3","0","5","0","1","3","7","3","4","79","13","6","7","5","16","3","13","16"
"2023-04-22","147","49","11","50","37","21","4","2","0","3","1","2","6","3","16","3","5","1","3","2","2","4","2","2","83","13","8","14","13","6","11","3","15"
"2023-04-23","137","52","42","17","26","26","3","4","5","6","2","2","3","1","7","0","2","0","0","2","3","6","2","4","79","8","4","6","13","11","16","16","5"
"2023-04-24","104","10","21","46","27","27","5","2","4","2","2","6","3","3","16","4","0","1","3","4","4","6","1","5","68","5","3","7","7","13","4","16","13"
"2023-04-25","149","50","46","9","44","25","2","6","2","1","3","1","5","5","20","4","4","4","2","1","5","8","4","4","81","15","3","11","7","10","4","14","17"
"2023-04-26","97","46","23","5","23","26","3","3","5","4","4","3","2","2","17","0","1","5","4","5","2","7","6","1","69","9","8","11","4","4","13","10","10"
"2023-04-27","155","26","50","45","34","21","4","4","4","0","3","4","0","2","15","3","2","2","3","5","0","7","3","4","66","4","7","8","7","14","10","14","2"
"2023-04-28","166","35","51","44","36","24","3","2","3","3","3","5","2","3","11","2","1","3","1","1","3","7","2","5","74","10","6","9","11","10","6","12","10"
"2023-04-29","104","26","43","26","9","24","4","2","5","3","2","4","2","2","13","2","3","1","2","4","1","10","5","5","58","10","12","6","4","4","13","2","7"
"2023-04-30","72","10","28","19","15","31","5","3","5","5","3","4","4","2","9","3","0","2","1","1","2","9","5","4","64","10","6","7","7","11","14","6","3"
"2023-05-01","160","23","51","47","39","32","3","4","7","1","4","3","7","3","9","3","0","2","0","2","2","9","3","6","82","12","13","4","14","12","8","8","11"
"2023-05-02","140","54","35","13","38","28","2","1","3","6","5","6","2","3","14","0","4","3","4","2","1","5","1","4","68","6","8","5","12","11","13","9","4"
"2023-05-03","115","30","35","37","13","25","5","5","1","3","5","3","2","1","11","1","3","2","3","1","1","5","3","2","75","9","15","7","6","14","7","8","9"
"2023-05-04","81","5","40","14","22","28","3","5","2","6","2","4","4","2","18","4","5","2","1","4","2","8","4","4","72","9","8","13","8","10","11","6","7"
"2023-05-05","128","39","15","26","48","31","2","5","5","5","3","4","3","4","17","2","1","4","1","4","5","5","4","1","59","7","9","4","6","1","13","11","8"
"2023-05-06","92","16","31","19","26","27","4","1","5","3","3","1","5","5","19","3","1","5","4","5","1","6","3","3","76","7","12","12","7","3","12","14","9"
"2023-05-07","89","12","4","28","45","24","2","1","2","4","5","4","1","5","21","4","5","2","3","3","4","10","5","5","58","4","10","6","9","8","5","5","11"
"2023-05-08","57","8","9","19","21","25","4","4","4","4","3","2","2","2","18","0","2","4","5","4","3","9","5","4","69","10","4","13","6","9","6","7","14"
"2023-05-09","182","51","45","50","36","31","4","2","3","4","4","5","3","6","21","4","1","5","4","5","2","7","4","3","64","7","10","14","1","7","7","16","2"
"2023-05-10","102","27","30","31","14","24","3","3","6","0","2","3","4","3","16","3","4","4","0","1","4","4","2","2","83","13","14","12","3","8","10","13","10"
"2023-05-11","125","23","30","37","35","29","5","4","5","1","5","2","2","5","17","2","4","2","5","2","2","10","6","4","84","13","8","10","5","11","9","13","15"
"2023-05-12","126","29","13","52","32","23","4","3","1","1","2","3","5","4","15","3","4","0","1","2","5","9","5","4","70","13","10","3","4","12","12","10","6"
"2023-05-13","94","28","25","24","17","25","3","3","2","6","3","3","2","3","18","5","0","4","3","4","2","4","1","3","72","9","7","6","15","3","5","14","13"
"2023-05-14","110","29","51","25","5","31","2","4","2","6","5","6","4","2","16","2","4","2","4","3","1","9","5","4","87","15","8","17","11","13","7","6","10"
"2023-05-15","128","18","36","37","37","23","4","2","3","3","4","5","1","1","14","3","3","1","3","3","1","9","5","4","59","8","8","9","5","8","7","11","3"
"2023-05-16","106","15","37","50","4","28","0","2","5","4","5","3","7","2","11","3","2","2","3","0","1","7","3","4","69","9","8","4","10","11","4","8","15"
"2023-05-17","90","37","5","26","22","23","2","2","4","3","5","1","2","4","12","2","1","0","4","4","1","5","1","4","91","16","12","10","6","7","16","10","14"
"2023-05-18","149","40","47","11","51","27","5","4","3","2","4","2","1","6","16","4","1","3","3","2","3","8","2","6","63","12","6","3","9","8","13","7","5"
"2023-05-19","103","14","32","28","29","26","5","0","4","5","4","2","3","3","16","4","3","0","4","3","2","10","6","4","78","10","6","5","13","10","7","12","15"
"2023-05-20","115","34","30","22","29","26","3","6","3","6","4","2","0","2","20","3","3","3","5","5","1","8","4","4","80","10","14","7","11","4","6","13","15"
"2023-05-21","133","29","27","46","31","33","5","6","3","5","3","3","5","3","17","3","3","0","5","1","5","5","0","5","64","6","12","13","10","4","9","4","6"
"2023-05-22","124","52","32","16","24","33","4","4","3","5","6","5","4","2","14","2","4","1","3","1","3","8","3","5","68","4","11","4","13","8","17","6","5"
"2023-05-23","85","8","33","18","26","31","2","5","3","3","5","6","5","2","9","3","1","1","4","0","0","6","3","3","93","17","11","13","11","9","10","9","13"
"2023-05-24","166","35","44","41","46","29","4","6","4","2","5","2","1","5","16","3","2","4","1","3","3","5","1","4","73","14","13","16","7","2","8","8","5"
"2023-05-25","107","43","35","5","24","30","3","5","3","2","5","4","4","4","11","2","3","4","1","1","0","6","4","2","79","17","14","15","7","4","6","14","2"
"2023-05-26","148","46","35","13","54","31","5","4","5","5","3","4","3","2","8","1","4","1","1","0","1","4","1","3","70","10","3","6","11","14","9","10","7"
"2023-05-27","100","21","38","30","11","25","2","3","2","3","4","4","3","4","21","2","5","4","2","4","4","7","2","5","77","3","11","12","5","12","15","6","13"
"2023-05-28","155","35","39","45","36","26","4","3","1","2","2","5","4","5","9","3","0","1","2","0","3","6","1","5","74","10","13","6","13","8","14","2","8"
"2023-05-29","148","40","42","47","19","29","4","6","3","4","5","3","1","3","22","5","4","4","3","2","4","8","3","5","86","12","5","7","13","15","12","9","13"
"2023-05-30","127","20","33","31","43","25","1","3","1","4","3","6","3","4","14","3","5","1","1","0","4","6","2","4","79","12","9","8","5","7","14","15","9"
"2023-05-31","63","14","14","8","27","29","4","2","5","4","3","5","4","2","10","1","1","1","2","2","3","8","5","3","70","1","11","5","9","9","14","5","16"
"2023-06-01","91","30","37","9","15","27","4","2","3","3","4","3","5","3","18","5","1","1","4","5","2","8","2","6","74","5","11","7","14","5","5","13","14"
"2023-06-02","147","21","50","52","24","27","2","6","1","1","4","6","5","2","8","0","1","2","1","3","1","10","4","6","85","16","8","10","14","3","9","14","11"
"2023-06-03","131","21","36","49","25","29","6","4","3","1","1","6","3","5","15","2","4","5","3","0","1","8","4","4","64","3","10","8","11","12","12","5","3"
"2023-06-04","124","47","33","20","24","24","0","5","2","6","2","5","2","2","20","4","5","3","1","4","3","8","5","3","66","12","2","9","12","6","12","3","10"
"2023-06-05","113","37","44","24","8","28","4","4","4","4","5","3","3","1","10","1","2","1","2","2","2","5","3","2","70","7","5","12","15","6","11","3","11"
"2023-06-06","153","47","54","16","36","26","4","1","2","4","4","4","4","3","14","1","1","4","2","5","1","7","5","2","58","9","8","8","2","15","5","4","7"
"2023-06-07","118","15","40","34","29","29","4","4","2","3","4","5","2","5","11","0","3","3","3","1","1","4","2","2","73","12","4","8","5","14","12","9","9"
"2023-06-08","104","32","24","38","10","18","4","3","2","1","1","2","1","4","23","4","3","4","5","2","5","5","1","4","70","11","6","2","10","16","12","11","2"
"2023-06-09","102","8","34","55","5","33","4","6","4","1","4","5","5","4","10","3","1","3","0","0","3","7","4","3","85","7","14","2","14","12","15","8","13"
"2023-06-10","145","44","9","44","48","33","5","3","5","3","5","3","3","6","13","2","2","1","4","0","4","9","3","6","60","9","7","13","4","4","1","15","7"
"2023-06-11","124","12","45","21","46","27","4","2","3","4","5","3","1","5","13","3","1","1","0","4","4","5","1","4","73","8","8","0","13","11","15","4","14"
"2023-06-12","118","19","23","42","34","26","4","2","2","7","2","3","5","1","14","1","4","0","2","3","4","10","6","4","56","5","12","8","7","8","2","14","0"
"2023-06-13","104","23","33","35","13","26","3","3","3","4","1","2","3","7","10","4","3","0","3","0","0","7","4","3","89","16","15","8","5","13","14","11","7"
"2023-06-14","58","6","23","15","14","25","2","4","5","3","2","6","2","1","21","3","5","4","0","4","5","6","4","2","87","12","11","11","8","7","11","15","12"
"2023-06-15","116","18","33","42","23","31","1","3","2","7","7","4","2","5","12","2","1","3","4","1","1","5","2","3","73","11","12","4","14","7","1","11","13"
"2023-06-16","92","19","37","12","24","22","2","5","1","4","2","4","1","3","16","2","2","4","1","3","4","6","3","3","67","3","12","14","5","13","3","8","9"
"2023-06-17","114","29","26","25","34","28","2","3","4","2","4","3","6","4","15","1","3","1","2","3","5","5","1","4","68","6","15","15","10","2","3","10","7"
"2023-06-18","101","26","39","17","19","28","5","1","2","4","6","1","3","6","21","2","5","4","5","4","1","7","4","3","55","5","4","3","11","11","8","8","5"
"2023-06-19","126","19","43","21","43","33","4","3","3","5","5","4","4","5","16","2","4","2","2","4","2","7","6","1","61","7","2","5","4","11","10","13","9"
"2023-06-20","116","23","7","46","40","21","3","3","4","5","2","1","3","0","15","3","0","2","2","4","4","5","1","4","44","5","9","3","2","12","8","2","3"
"2023-06-21","121","37","22","51","11","22","2","3","4","4","2","1","2","4","15","2","3","3","1","3","3","9","5","4","56","15","6","5","4","17","4","4","1"
"2023-06-22","64","15","15","19","15","30","2","3","2","3","3","5","5","7","15","4","3","3","0","1","4","8","2","6","77","16","14","14","13","5","6","4","5"
"2023-06-23","85","14","35","26","10","27","2","3","4","2","2","3","5","6","17","2","3","4","2","5","1","4","3","1","100","10","15","12","7","16","18","11","11"
"2023-06-24","111","9","52","22","28","24","3","3","2","2","5","4","2","3","15","5","2","1","3","2","2","8","4","4","62","7","10","9","12","4","9","4","7"
"2023-06-25","159","44","18","46","51","16","1","0","1","0","1","4","3","6","21","3","2","5","3","4","4","5","3","2","80","16","8","8","13","5","10","9","11"
"2023-06-26","102","22","16","36","28","23","3","3","2","2","5","3","2","3","20","4","2","4","1","4","5","7","2","5","54","13","5","8","6","5","10","4","3"
"2023-06-27","127","11","48","22","46","27","1","4","4","4","4","3","5","2","14","2","1","4","2","4","1","7","2","5","74","2","12","17","10","5","5","10","13"
"2023-06-28","129","22","45","48","14","27","3","4","4","3","4","2","5","2","12","1","4","1","0","2","4","8","2","6","68","11","3","9","8","3","15","14","5"
"2023-06-29","134","34","47","26","27","33","2","5","7","4","6","3","3","3","7","0","3","1","1","2","0","7","3","4","82","10","10","4","13","14","10","14","7"
"2023-06-30","107","31","37","25","14","27","6","4","3","1","2","5","1","5","19","5","0","5","2","3","4","8","5","3","62","2","7","4","17","5","5","14","8"
"2023-07-01","102","23","10","37","32","25","0","2","4","4","4","3","5","3","12","2","2","3","1","3","1","9","4","5","68","9","11","4","11","9","8","6","10"
"2023-07-02","113","18","49","8","38","23","5","2","2","4","4","1","2","3","16","3","4","0","3","4","2","9","4","5","93","11","15","13","14","13","11","4","12"
"2023-07-03","64","7","10","15","32","30","2","5","3","3","3","5","5","4","15","5","1","2","3","3","1","6","2","4","79","3","11","16","12","9","9","9","10"
"2023-07-04","111","17","31","29","34","21","3","4","1","2","0","3","4","4","21","2","4","4","5","2","4","12","6","6","69","13","9","9","8","5","10","7","8"
"2023-07-05","166","52","43","34","37","35","5","5","4","5","2","5","7","2","12","1","1","5","4","1","0","6","3","3","72","9","10","9","5","9","8","8","14"
"2023-07-06","119","35","24","10","50","28","6","3","3","2","3","3","6","2","15","0","2","5","2","2","4","8","5","3","75","13","10","7","14","4","2","13","12"
"2023-07-07","142","23","55","30","34","25","2","4","3","6","0","4","3","3","14","0","0","5","5","2","2","5","3","2","89","13","8","6","11","13","11","13","14"
"2023-07-08","139","44","46","14","35","29","2","5","5","1","2","6","4","4","10","5","1","0","3","1","0","4","2","2","86","11","6","16","13","9","13","6","12"
"2023-07-09","82","37","20","17","8","23","2","2","5","2","4","3","1","4","20","4","3","4","1","3","5","8","3","5","74","5","4","16","10","8","14","15","2"
"2023-07-10","114","48","22","31","13","28","4","3","2","5","1","3","5","5","12","1","2","2","1","5","1","10","5","5","63","11","8","13","3","5","8","8","7"
"2023-07-11","121","39","16","19","47","29","2","5","5","4","4","4","2","3","19","5","3","0","4","5","2","7","3","4","49","8","5","7","8","3","7","7","4"
"2023-07-12","121","39","11","24","47","25","1","3","4","6","2","4","2","3","13","4","2","2","1","3","1","9","3","6","55","6","5","13","9","6","10","3","3"
"2023-07-13","116","50","23","26","17","32","4","6","4","7","4","3","2","2","19","3","4","4","3","5","0","7","4","3","81","4","11","9","10","12","12","11","12"
"2023-07-14","86","13","48","14","11","28","3","3","3","4","4","4","6","1","13","1","4","3","3","0","2","6","2","4","70","13","7","2","8","6","18","10","6"
"2023-07-15","112","25","34","17","36","22","4","5","1","1","3","2","5","1","19","3","1","2","4","4","5","7","4","3","92","16","18","9","10","11","12","2","14"
"2023-07-16","109","29","48","20","12","31","3","5","3","5","4","2","5","4","12","4","2","3","2","1","0","8","6","2","78","15","8","8","8","15","7","14","3"
"2023-07-17","179","48","44","49","38","20","2","1","4","3","3","2","3","2","22","4","2","5","3","4","4","10","5","5","77","16","7","12","5","17","11","3","6"
"2023-07-18","162","17","47","53","45","29","5","3","3","3","4","4","5","2","16","5","2","1","3","1","4","7","3","4","97","8","17","13","9","9","10","17","14"
"2023-07-19","98","22","9","26","41","22","2","4","2","4","2","0","5","3","17","3","1","3","3","3","4","10","5","5","71","14","14","8","10","12","5","4","4"
"2023-07-20","119","41","8","42","28","26","4","1","5","2","3","5","4","2","17","5","1","1","4","4","2","6","4","2","70","6","14","11","11","7","11","1","9"
"2023-07-21","104","53","7","23","21","22","4","5","4","1","4","1","2","1","20","1","2","5","5","3","4","6","4","2","85","10","11","10","12","12","13","16","1"
"2023-07-22","173","49","38","35","51","29","4","3","4","4","5","2","2","5","19","4","1","3","3","3","5","9","3","6","59","7","7","3","14","10","7","9","2"
"2023-07-23","116","35","20","30","31","24","4","1","4","4","1","2","4","4","9","5","1","1","0","2","0","8","5","3","64","9","8","6","10","12","3","4","12"
"2023-07-24","118","36","35","36","11","28","5","4","4","2","3","4","4","2","16","3","3","2","3","3","2","8","4","4","78","14","13","14","6","3","9","8","11"
"2023-07-25","124","41","34","20","29","35","5","6","4","2","4","5","5","4","17","2","3","2","3","4","3","4","1","3","68","12","11","9","7","8","3","5","13"
"2023-07-26","182","46","52","36","48","33","3","4","5","3","4","4","5","5","13","2","2","2","2","2","3","3","1","2","77","12","8","7","12","14","7","14","3"
"2023-07-27","109","35","17","35","22","30","5","5","1","3","4","4","4","4","10","2","2","0","1","4","1","8","4","4","83","15","8","3","5","14","12","10","16"
"2023-07-28","137","18","36","34","49","30","1","3","3","3","6","5","5","4","19","2","4","3","3","3","4","5","1","4","85","4","9","15","9","14","13","13","8"
"2023-07-29","130","34","54","17","25","30","3","4","2","5","5","3","5","3","14","4","4","1","2","1","2","10","4","6","73","9","9","5","13","13","15","1","8"
"2023-07-30","73","12","47","4","10","32","2","5","3","4","7","2","4","5","15","1","4","1","4","2","3","8","5","3","63","10","4","4","6","6","6","14","13"
"2023-07-31","135","22","21","48","44","25","4","4","5","4","3","2","2","1","18","1","5","4","1","4","3","8","3","5","72","12","11","2","2","16","8","6","15"
"2023-08-01","134","40","34","24","36","29","3","2","1","4","5","3","5","6","12","3","1","0","0","4","4","6","3","3","67","8","10","16","11","4","10","4","4"
"2023-08-02","87","8","38","8","33","28","4","4","5","2","5","3","5","0","18","2","0","5","4","4","3","7","5","2","68","15","15","4","7","7","4","5","11"
"2023-08-03","141","28","34","29","50","25","5","2","3","2","3","2","6","2","13","2","1","3","1","4","2","5","2","3","82","11","11","10","12","4","15","11","8"
"2023-08-04","143","29","19","45","50","27","3","1","4","3","2","6","5","3","11","4","4","1","1","0","1","7","2","5","73","12","8","11","5","10","5","10","12"
"2023-08-05","99","46","24","13","16","24","1","3","4","5","3","2","3","3","13","1","4","1","3","4","0","8","4","4","60","2","2","6","11","12","6","15","6"
"2023-08-06","126","19","53","26","28","24","2","3","3","0","3","3","4","6","12","1","1","3","4","1","2","4","2","2","79","10","3","3","14","14","11","13","11"
"2023-08-07","116","13","45","36","22","31","3","6","6","3","1","5","5","2","14","3","3","5","0","2","1","7","2","5","72","2","13","12","8","12","1","15","9"
"2023-08-08","88","9","22","41","16","36","6","6","3","4","5","2","6","4","23","3","5","3","3","4","5","7","4","3","48","8","8","5","5","3","4","3","12"
"2023-08-09","152","46","34","30","42","36","4","5","3","5","5","6","3","5","20","4","4","5","2","1","4","4","1","3","63","10","4","13","3","15","5","8","5"
"2023-08-10","136","36","44","49","7","31","5","4","2","5","3","3","4","5","18","1","2","5","2","5","3","5","2","3","77","14","14","7","5","6","12","13","6"
"2023-08-11","118","24","42","30","22","28","3","3","5","5","2","5","1","4","18","5","2","2","4","2","3","9","4","5","86","8","16","15","15","8","3","10","11"
"2023-08-12","132","42","24","24","42","23","2","4","4","4","0","4","3","2","11","1","4","0","4","0","2","9","4","5","75","6","10","13","5","4","10","15","12"
"2023-08-13","113","29","29","41","14","29","1","5","4","4","5","5","2","3","15","0","2","4","2","2","5","9","6","3","77","15","3","8","14","8","12","7","10"
"2023-08-14","134","15","45","44","30","26","4","3","2","6","2","4","3","2","10","1","2","0","1","2","4","4","3","1","82","7","12","9","5","15","13","10","11"
"2023-08-15","104","24","26","19","35","23","1","4","3","2","1","2","4","6","8","4","1","0","1","2","0","5","5","0","80","12","2","14","13","14","14","5","6"
"2023-08-16","121","11","31","34","45","30","4","3","1","5","4","4","7","2","13","2","4","0","3","1","3","7","4","3","73","14","5","4","16","14","6","7","7"
"2023-08-17","132","28","51","27","26","24","4","4","2","3","4","2","3","2","17","1","4","4","3","1","4","9","6","3","66","10","1","9","6","2","11","13","14"
"2023-08-18","136","37","26","47","26","32","5","3","4","4","4","5","4","3","16","3","4","1","3","4","1","5","1","4","111","13","12","10","14","18","15","12","17"
"2023-08-19","81","20","7","27","27","30","3","1","5","7","4","2","3","5","16","4","2","2","4","3","1","8","4","4","80","13","11","1","14","12","9","13","7"
"2023-08-20","128","32","32","40","24","22","3","2","3","3","1","2","3","5","15","2","1","4","1","4","3","8","6","2","51","13","0","9","5","5","9","6","4"
"2023-08-21","110","20","37","9","44","27","3","4","1","6","5","4","0","4","19","3","2","1","4","4","5","3","2","1","67","13","2","9","13","4","7","10","9"
"2023-08-22","95","23","40","26","6","36","5","6","5","3","4","5","5","3","17","4","1","3","4","4","1","10","5","5","61","15","8","8","12","3","6","1","8"
"2023-08-23","83","38","10","16","19","28","5","4","3","1","5","2","4","4","11","0","2","4","2","0","3","9","6","3","76","4","14","8","9","16","5","14","6"
"2023-08-24","101","50","12","8","31","24","2","1","3","5","5","3","4","1","12","3","4","1","2","1","1","8","6","2","70","12","9","13","5","16","1","9","5"
"2023-08-25","109","24","50","29","6","29","5","3","4","4","3","3","2","5","19","4","2","2","5","3","3","9","4","5","73","9","7","12","7","9","3","12","14"
"2023-08-26","86","11","9","46","20","34","2","6","4","4","5","4","6","3","7","0","3","0","2","0","2","10","4","6","97","14","13","16","15","11","7","6","15"
"2023-08-27","110","26","7","37","40","32","3","7","3","2","4","4","5","4","17","0","3","2","2","5","5","6","3","3","76","10","7","9","6","14","14","7","9"
"2023-08-28","120","50","21","8","41","25","5","4","3","3","3","0","3","4","22","2","3","4","3","5","5","4","3","1","65","3","4","8","16","13","11","3","7"
"2023-08-29","108","35","9","16","48","34","1","6","6","3","3","4","6","5","12","1","5","2","1","0","3","10","5","5","95","12","8","9","16","12","16","11","11"
"2023-08-30","152","55","40","49","8","29","6","3","5","2","3","6","4","0","14","2","3","2","5","1","1","7","3","4","79","10","11","7","5","13","7","13","13"
"2023-08-31","110","30","51","5","24","20","3","1","1","4","4","2","4","1","8","2","1","2","1","2","0","8","4","4","78","11","11","8","12","13","4","12","7"
"2023-09-01","106","30","12","30","34","31","4","4","3","4","3","5","4","4","11","4","3","2","1","0","1","4","0","4","89","13","15","12","7","13","8","7","14"
"2023-09-02","65","26","13","15","11","30","6","2","3","3","4","6","5","1","17","1","3","4","2","3","4","4","2","2","63","8","7","9","3","6","15","13","2"
"2023-09-03","107","15","27","29","36","26","5","4","2","3","4","2","3","3","13","1","1","1","2","5","3","8","3","5","74","10","4","13","7","12","5","15","8"
"2023-09-04","138","16","52","48","22","28","3","3","3","2","4","3","5","5","11","1","1","2","3","1","3","5","2","3","54","10","16","5","5","8","4","5","1"
"2023-09-05","137","39","27","39","32","26","3","3","4","5","3","1","4","3","12","0","3","1","4","3","1","8","3","5","74","11","4","11","6","12","5","11","14"
"2023-09-06","139","17","33","44","45","26","2","5","4","2","4","4","2","3","9","0","2","1","1","4","1","9","5","4","75","7","9","16","14","3","13","4","9"
"2023-09-07","130","47","29","13","41","27","1","5","5","3","5","3","1","4","17","4","5","5","0","1","2","10","7","3","79","10","8","10","13","14","4","11","9"
"2023-09-08","134","27","40","16","51","31","4","4","5","4","3","5","3","3","17","4","0","2","4","2","5","3","1","2","78","6","11","15","9","10","12","6","9"
"2023-09-09","119","32","20","24","43","31","4","5","4","2","5","6","1","4","15","4","5","1","1","2","2","6","3","3","64","7","4","12","4","13","10","7","7"
"2023-09-10","143","37","52","13","41","28","5","4","5","4","2","3","2","3","18","4","2","4","1","4","3","10","6","4","48","5","9","1","12","7","5","5","4"
"2023-09-11","78","13","35","23","7","26","2","1","7","1","5","4","3","3","8","1","0","1","0","3","3","1","1","0","58","12","10","3","5","10","7","7","4"
"2023-09-12","143","50","24","36","33","19","1","6","2","1","1","2","2","4","19","4","1","5","0","4","5","9","3","6","63","11","1","10","5","10","5","13","8"
"2023-09-13","76","13","21","17","25","28","5","3","4","6","1","3","5","1","22","2","4","3","5","4","4","5","3","2","64","3","10","11","11","8","5","7","9"
"2023-09-14","130","49","15","21","45","28","2","2","4","5","3","4","4","4","13","1","2","3","2","4","1","6","2","4","80","11","9","8","4","11","13","10","14"
"2023-09-15","51","24","10","12","5","34","4","4","3","5","5","4","4","5","12","4","1","4","1","0","2","5","1","4","61","10","4","5","5","2","13","12","10"
"2023-09-16","161","37","46","38","40","26","5","4","1","3","2","5","5","1","17","3","0","2","3","4","5","6","4","2","68","6","4","7","5","15","12","8","11"
"2023-09-17","80","22","21","25","12","28","4","2","1","4","4","3","5","5","17","2","4","4","1","1","5","2","1","1","77","13","5","6","10","10","5","14","14"
"2023-09-18","132","24","50","24","34","31","2","3","1","2","4","6","6","7","14","2","3","3","2","0","4","9","5","4","64","4","4","10","10","11","11","13","1"
"2023-09-19","136","33","38","23","42","25","1","3","2","2","4","5","6","2","13","5","1","4","0","1","2","4","2","2","90","3","13","7","14","11","16","11","15"
"2023-09-20","64","7","9","13","35","35","4","4","5","6","5","3","4","4","11","0","4","3","1","3","0","8","4","4","79","10","7","4","11","13","12","5","17"
"2023-09-21","116","27","34","27","28","21","1","3","2","4","2","2","4","3","14","0","5","2","1","2","4","10","4","6","66","11","4","14","7","9","8","5","8"
"2023-09-22","68","15","13","38","2","31","2","4","5","4","4","3","6","3","18","5","1","1","3","4","4","8","4","4","64","8","7","5","10","8","7","14","5"
"2023-09-23","139","56","34","11","38","35","4","6","6","4","3","4","4","4","17","3","4","4","1","3","2","7","2","5","81","7","10","9","10","14","5","14","12"
"2023-09-24","122","23","33","46","20","29","4","3","5","3","4","4","2","4","11","1","1","3","3","0","3","7","4","3","67","9","3","5","11","9","8","9","13"
"2023-09-25","145","19","31","47","48","32","5","3","3","3","6","5","4","3","23","4","4","4","4","2","5","9","2","7","62","5","8","9","2","12","5","12","9"
"2023-09-26","150","45","36","47","22","33","2","5","6","6","3","4","2","5","17","3","1","4","3","1","5","9","5","4","60","2","3","9","5","13","12","4","12"
"2023-09-27","123","15","45","35","28","33","3","2","1","6","6","4","4","7","12","4","0","4","1","3","0","7","6","1","59","5","12","2","13","7","12","1","7"
"2023-09-28","194","50","42","51","51","24","3","2","3","2","3","5","1","5","13","1","1","4","1","3","3","7","2","5","69","5","13","7","4","15","2","13","10"
"2023-09-29","127","29","48","41","9","29","4","4","2","5","3","2","2","7","22","5","4","4","2","4","3","7","3","4","75","8","16","6","2","16","3","15","9"
"2023-09-30","140","41","42","39","18","23","3","2","2","4","3","4","1","4","18","1","1","4","5","3","4","11","5","6","69","16","12","5","4","11","4","10","7"
"2023-10-01","128","22","36","18","52","30","3","5","2","2","3","4","5","6","12","2","3","1","3","2","1","7","3","4","67","11","2","13","10","2","7","5","17"
"2023-10-02","83","18","24","14","27","35","3","4","4","4","5","5","6","4","10","1","3","1","1","3","1","4","2","2","60","5","13","6","2","13","4","3","14"
"2023-10-03","118","32","9","40","37","32","3","4","4","5","2","4","5","5","13","4","0","0","3","3","3","5","1","4","64","17","8","7","4","11","4","6","7"
"2023-10-04","134","33","36","21","44","32","5","6","3","4","3","3","4","4","12","1","1","5","2","2","1","6","4","2","78","6","8","6","10","11","15","17","5"
"2023-10-05","122","48","40","8","26","31","5","3","4","3","5","3","6","2","18","2","2","4","4","2","4","7","3","4","62","11","10","3","7","9","9","7","6"
"2023-10-06","125","37","26","32","30","27","3","5","5","3","3","2","4","2","13","2","1","5","0","3","2","8","3","5","61","3","6","2","7","13","11","12","7"
"2023-10-07","113","26","25","34","28","22","2","3","3","1","4","3","2","4","18","3","3","1","5","3","3","8","5","3","89","12","12","10","12","12","10","15","6"
"2023-10-08","90","7","50","23","10","32","4","5","6","2","4","4","3","4","10","1","3","0","3","1","2","7","2","5","79","8","10","12","13","8","5","8","15"
"2023-10-09","142","47","16","26","53","31","4","2","4","5","4","5","4","3","19","4","4","5","2","0","4","4","1","3","75","7","12","5","7","15","7","14","8"
"2023-10-10","137","50","21","22","44","30","1","4","2","5","7","4","3","4","22","3","5","4","4","3","3","10","6","4","77","12","10","10","7","11","16","3","8"
"2023-10-11","153","22","34","50","47","32","6","4","3","5","5","3","3","3","13","1","4","1","4","1","2","4","2","2","92","9","9","16","15","8","5","16","14"
"2023-10-12","104","35","39","11","19","25","5","1","3","4","6","2","2","2","13","1","3","5","1","1","2","8","4","4","79","11","13","13","3","11","9","9","10"
"2023-10-13","147","45","40","34","28","25","1","1","6","3","4","2","3","5","13","3","0","4","2","3","1","8","6","2","72","11","14","10","4","1","16","13","3"
"2023-10-14","103","24","15","16","48","26","4","3","4","3","6","3","1","2","17","1","4","1","2","4","5","5","2","3","70","8","5","15","7","11","3","15","6"
"2023-10-15","115","31","16","42","26","32","4","2","5","4","3","6","5","3","16","3","3","2","1","4","3","8","2","6","63","8","11","6","8","12","2","5","11"
"2023-10-16","81","30","16","10","25","27","4","3","5","5","1","4","2","3","18","2","4","4","4","2","2","7","5","2","80","14","7","9","14","4","7","11","14"
"2023-10-17","111","4","34","31","42","29","3","5","4","0","4","5","3","5","22","4","5","3","2","4","4","6","2","4","71","7","2","0","10","11","14","15","12"
"2023-10-18","75","39","5","9","22","28","6","4","3","2","6","1","2","4","16","3","4","0","3","2","4","5","4","1","94","8","12","13","16","12","16","11","6"
"2023-10-19","75","9","24","22","20","31","5","4","3","6","2","3","3","5","16","3","5","1","2","1","4","9","5","4","73","16","7","4","10","6","9","8","13"
"2023-10-20","142","52","10","42","38","27","4","3","5","3","2","3","3","4","19","4","4","4","2","3","2","5","3","2","68","13","3","8","11","4","5","8","16"
"2023-10-21","129","18","55","39","17","31","3","2","0","5","6","4","4","7","11","2","3","1","2","0","3","8","4","4","66","13","4","15","9","10","9","1","5"
"2023-10-22","153","53","51","43","6","35","6","4","5","3","4","4","4","5","25","5","4","5","4","4","3","5","3","2","58","2","3","2","17","3","12","4","15"
"2023-10-23","127","49","14","46","18","32","3","3","4","5","5","5","4","3","18","4","1","1","5","4","3","5","3","2","60","1","13","10","5","5","8","11","7"
"2023-10-24","116","46","43","11","16","28","5","5","1","6","0","5","2","4","17","4","3","4","2","2","2","6","3","3","59","9","14","10","3","7","7","2","7"
"2023-10-25","157","31","36","45","45","27","5","1","4","3","4","1","5","4","13","0","3","1","4","4","1","6","4","2","52","5","14","2","3","11","10","1","6"
"2023-10-26","113","35","16","25","37","24","2","4","3","2","3","5","1","4","18","5","4","2","1","2","4","5","5","0","70","12","10","6","5","6","9","7","15"
"2023-10-27","105","46","19","22","18","21","2","1","4","3","3","3","1","4","17","4","1","5","1","2","4","11","6","5","77","16","6","6","10","4","9","11","15"
"2023-10-28","144","6","45","49","44","24","3","4","1","4","4","1","4","3","19","1","3","4","3","3","5","6","1","5","68","7","15","10","5","7","12","8","4"
"2023-10-29","120","37","46","19","18","28","4","4","5","1","3","3","4","4","13","3","2","3","0","3","2","6","5","1","64","4","16","1","15","12","5","3","8"
"2023-10-30","137","56","15","49","17","27","5","2","6","4","4","3","0","3","14","0","4","4","4","0","2","6","5","1","51","9","1","14","3","4","14","5","1"
"2023-10-31","73","6","18","14","35","25","3","2","4","4","3","2","2","5","14","4","2","1","3","2","2","8","4","4","86","14","2","14","3","11","16","11","15"
"2023-11-01","78","12","4","41","21","30","3","4","2","3","2","2","7","7","16","4","2","0","4","3","3","7","4","3","71","8","13","14","10","3","2","11","10"
"2023-11-02","136","50","23","35","28","31","5","3","3","5","2","3","6","4","16","5","4","4","0","0","3","3","2","1","67","6","14","12","12","7","9","4","3"
"2023-11-03","141","46","44","23","28","33","5","5","6","1","6","3","2","5","10","1","2","3","2","0","2","7","3","4","77","15","7","13","12","5","7","13","5"
"2023-11-04","84","8","47","21","8","26","4","1","3","4","4","5","4","1","17","3","3","2","1","5","3","6","4","2","88","10","8","17","6","15","4","13","15"
"2023-11-05","123","42","29","40","12","29","1","5","5","3","6","3","1","5","16","4","2","5","1","1","3","12","6","6","63","6","6","1","15","8","17","4","6"
"2023-11-06","135","28","37","42","28","27","1","3","2","4","4","5","4","4","23","5","4","3","4","2","5","4","1","3","56","7","3","5","8","2","17","10","4"
"2023-11-07","147","11","51","47","38","35","2","5","5","4","5","4","6","4","21","4","4","4","3","5","1","3","1","2","64","16","4","7","15","6","3","5","8"
"2023-11-08","125","27","41","13","44","26","4","2","2","1","2","5","4","6","17","0","4","2","4","4","3","9","4","5","69","15","2","15","10","5","6","7","9"
"2023-11-09","101","30","35","19","17","26","1","2","2","2","4","4","6","5","15","4","1","0","2","3","5","8","5","3","45","5","4","10","3","13","2","5","3"
"2023-11-10","46","18","7","5","16","25","1","3","2","4","4","5","3","3","15","3","3","4","1","1","3","9","4","5","77","13","16","10","8","8","4","3","15"
"2023-11-11","163","36","53","44","30","26","5","2","5","1","2","3","2","6","8","2","1","0","3","0","2","7","1","6","68","8","11","12","4","5","13","9","6"
"2023-11-12","147","41","15","45","46","20","1","2","3","4","1","2","4","3","17","1","4","4","2","2","4","10","3","7","63","9","4","5","14","2","4","10","15"
"2023-11-13","85","12","29","36","8","24","2","2","3","3","3","5","4","2","15","2","1","1","4","3","4","8","3","5","67","4","2","12","6","6","15","8","14"
"2023-11-14","149","43","42","35","29","30","4","5","1","5","3","3","4","5","6","0","1","0","0","2","3","6","5","1","76","8","15","5","6","8","10","13","11"
"2023-11-15","80","8","36","28","8","29","4","2","4","5","2","5","3","4","20","3","3","3","5","4","2","4","1","3","77","13","3","13","13","9","9","3","14"
"2023-11-16","150","38","43","52","17","22","3","2","4","4","2","2","2","3","12","1","2","0","3","3","3","4","2","2","49","4","12","3","3","4","13","3","7"
"2023-11-17","150","29","52","40","29","25","1","6","3","4","3","1","5","2","17","2","3","4","1","3","4","8","4","4","66","15","5","13","7","7","11","6","2"
"2023-11-18","99","13","33","11","42","40","6","5","4","7","5","3","4","6","16","5","1","2","3","0","5","9","4","5","82","16","5","11","5","11","12","6","16"
"2023-11-19","131","7","39","31","54","24","2","3","3","5","2","3","3","3","11","4","1","1","2","3","0","6","4","2","77","7","8","8","4","10","13","14","13"
"2023-11-20","82","5","36","21","20","23","2","1","7","1","3","4","3","2","21","2","4","4","4","3","4","8","4","4","86","11","9","11","13","11","8","10","13"
"2023-11-21","150","29","40","36","45","28","4","4","3","2","6","4","2","3","15","4","3","3","3","1","1","5","1","4","65","8","8","4","13","6","4","11","11"
"2023-11-22","125","45","19","22","39","26","4","5","2","4","3","2","2","4","9","1","2","3","2","0","1","7","2","5","75","5","13","5","5","5","17","13","12"
"2023-11-23","79","6","21","17","35","32","4","4","7","2","4","5","3","3","19","4","2","3","4","2","4","5","2","3","73","15","9","12","10","5","11","3","8"
"2023-11-24","85","20","27","13","25","30","2","5","2","6","3","5","5","2","8","2","1","0","1","3","1","5","3","2","54","1","5","13","4","8","7","9","7"
"2023-11-25","65","4","27","17","17","28","3","5","4","2","3","6","2","3","21","5","4","2","5","4","1","7","7","0","61","7","1","10","10","8","3","17","5"
"2023-11-26","156","38","44","43","31","28","3","3","2","5","2","6","4","3","15","4","3","2","3","2","1","9","6","3","60","10","7","8","14","3","8","5","5"
"2023-11-27","77","21","20","18","18","24","2","3","2","5","2","2","4","4","17","5","2","1","4","2","3","6","3","3","79","5","10","8","13","13","12","11","7"
"2023-11-28","86","4","35","36","11","25","4","2","4","1","2","1","6","5","17","4","4","1","1","4","3","10","5","5","89","14","11","4","14","9","14","8","15"
"2023-11-29","86","34","6","36","10","27","1","6","3","3","5","3","1","5","18","5","2","5","1","3","2","4","0","4","66","12","8","10","8","6","10","6","6"
"2023-11-30","196","54","52","52","38","23","3","3","4","4","2","1","3","3","10","1","0","5","1","2","1","6","3","3","61","5","11","5","6","10","9","15","0"
"2023-12-01","149","31","25","52","41","22","1","2","5","1","4","1","3","5","16","1","5","1","4","1","4","8","4","4","70","7","14","13","1","12","11","9","3"
"2023-12-02","114","22","28","49","15","21","2","1","2","1","2","4","5","4","20","2","3","5","4","3","3","9","3","6","94","10","11","8","10","15","11","15","14"
"2023-12-03","61","20","20","10","11","30","4","2","4","4","4","3","6","3","15","0","3","3","5","0","4","11","6","5","73","9","11","5","3","13","6","12","14"
"2023-12-04","93","52","7","18","16","23","4","2","5","1","5","0","2","4","11","3","0","1","1","1","5","6","3","3","83","14","17","7","4","14","16","6","5"
"2023-12-05","144","42","19","49","34","26","5","3","2","3","4","4","2","3","22","4","3","5","4","3","3","7","2","5","75","4","5","7","10","14","13","9","13"
"2023-12-06","73","10","30","20","13","31","1","1","5","5","4","4","6","5","17","4","2","4","4","0","3","7","3","4","69","9","13","8","6","7","2","10","14"
"2023-12-07","103","36","43","15","9","27","2","3","4","3","5","3","5","2","14","1","3","3","2","3","2","8","6","2","62","5","3","10","1","11","7","11","14"
"2023-12-08","153","53","12","39","49","28","3","2","2","3","5","5","5","3","18","3","2","3","3","2","5","5","3","2","61","12","5","8","1","13","6","9","7"
"2023-12-09","118","21","48","36","13","34","6","4","3","4","5","5","2","5","19","2","5","3","5","1","3","7","5","2","77","15","12","6","12","3","6","7","16"
"2023-12-10","116","13","33","26","44","30","5","4","6","3","1","4","3","4","19","3","3","3","5","4","1","4","2","2","82","11","5","12","14","7","4","14","15"
"2023-12-11","122","43","48","4","27","27","4","2","3","5","5","1","3","4","14","3","1","5","2","1","2","6","2","4","45","3","6","3","9","5","7","5","7"
"2023-12-12","157","48","22","40","47","28","2","4","4","5","4","3","2","4","13","2","1","1","5","3","1","8","3","5","72","8","9","11","7","9","10","10","8"
"2023-12-13","163","41","48","39","35","28","3","2","2","5","3","5","3","5","14","3","3","2","1","1","4","10","7","3","77","12","7","7","13","15","6","9","8"
"2023-12-14","163","21","52","49","41","37","5","3","7","5","4","5","5","3","10","0","3","2","2","1","2","7","5","2","71","11","13","10","8","6","10","2","11"
"2023-12-15","140","34","26","48","32","28","5","4","3","5","6","2","2","1","19","4","2","4","3","3","3","8","4","4","80","8","7","7","12","8","13","15","10"
"2023-12-16","130","48","14","15","53","30","3","4","4","3","4","5","5","2","14","2","2","3","1","5","1","7","3","4","71","5","9","10","2","7","10","15","13"
"2023-12-17","99","21","23","7","48","38","5","4","6","6","5","4","3","5","20","5","5","2","4","4","0","6","3","3","71","12","9","6","5","10","12","9","8"
"2023-12-18","59","12","13","26","8","24","3","5","3","4","3","3","0","3","10","0","2","1","3","3","1","6","2","4","66","6","2","12","10","17","6","5","8"
"2023-12-19","112","41","14","6","51","33","4","6","3","4","5","3","6","2","14","2","0","2","5","1","4","6","3","3","48","3","8","15","0","8","2","7","5"
"2023-12-20","88","19","19","42","8","31","3","6","6","5","2","4","4","1","24","4","5","4","3","4","4","4","3","1","76","15","7","5","9","13","15","7","5"
"2023-12-21","132","32","10","51","39","17","1","3","3","4","1","1","1","3","11","4","3","0","3","0","1","11","7","4","76","3","9","15","6","14","7","9","13"
"2023-12-22","182","56","35","45","46","29","5","4","4","5","2","5","1","3","20","5","4","3","1","5","2","5","3","2","70","1","12","16","15","1","11","6","8"
"2023-12-23","86","26","21","11","28","29","5","4","4","2","4","3","2","5","14","1","1","1","1","5","5","11","6","5","61","5","9","5","4","5","8","13","12"
"2023-12-24","82","18","18","37","9","21","1","2","4","4","2","3","3","2","17","1","3","3","4","1","5","6","4","2","82","15","8","12","4","9","11","13","10"
"2023-12-25","151","18","47","30","56","21","4","3","3","1","1","3","1","5","5","0","1","1","2","1","0","9","3","6","90","12","8","13","16","6","10","17","8"
"2023-12-26","103","11","18","33","41","26","3","1","4","4","1","5","4","4","19","2","4","3","3","2","5","11","5","6","75","14","11","5","13","9","6","4","13"
"2023-12-27","104","33","33","31","7","27","4","4","4","2","4","4","2","3","11","1","4","1","1","2","2","9","4","5","78","9","14","7","18","10","10","7","3"
"2023-12-28","103","29","44","13","17","20","5","1","3","0","3","3","3","2","14","4","2","2","4","1","1","7","3","4","63","3","10","4","3","13","13","6","11"
"2023-12-29","106","12","26","56","12","26","5","1","4","5","3","5","2","1","21","5","2","3","4","4","3","10","4","6","47","8","5","6","8","1","7","6","6"
"2023-12-30","115","19","6","43","47","28","4","5","2","3","3","6","2","3","17","1","4","3","3","3","3","4","2","2","77","6","8","6","12","15","15","11","4"
"2023-12-31","155","50","48","49","8","22","4","2","1","3","3","2","4","3","12","1","5","1","0","3","2","6","5","1","71","7","4","10","12","12","5","8","13"
